animal,action,location,time
fox,painting on a canvas,in a city park,realistic
fox,painting on a canvas,in a dense forest,colorful and lively
fox,painting on a canvas,in a vibrant coral reef,vibrant
fox,painting on a canvas,in a city park,realistic
fox,painting on a canvas,on a grassy hill,whimsical
fox,painting on a canvas,in a magical castle,dreamlike
fox,painting on a canvas,on a tropical beach,realistic
fox,painting on a canvas,in a dense forest,surreal
fox,painting on a canvas,on a grassy hill,dreamlike
fox,painting on a canvas,on a grassy hill,high quality
fox,painting on a canvas,on a grassy hill,realistic
fox,painting on a canvas,in a city park,detailed
fox,painting on a canvas,in a city park,vibrant
fox,painting on a canvas,on a tropical beach,detailed
fox,painting on a canvas,on a tropical beach,detailed
fox,painting on a canvas,in a magical castle,realistic
fox,painting on a canvas,on a snowy hill,detailed
fox,painting on a canvas,on a tropical beach,dreamlike
fox,painting on a canvas,at the top of a mountain,colorful and lively
fox,painting on a canvas,in a dense forest,whimsical
fox,painting on a canvas,in a magical castle,dreamlike
fox,painting on a canvas,on a snowy hill,vibrant
fox,painting on a canvas,in a city park,realistic
fox,painting on a canvas,at the top of a mountain,realistic
fox,painting on a canvas,on a snowy hill,surreal
fox,painting on a canvas,in a vibrant coral reef,vibrant
fox,painting on a canvas,in a dense forest,dreamlike
fox,painting on a canvas,on a snowy hill,dreamlike
fox,painting on a canvas,in a city park,high quality
fox,painting on a canvas,on a tropical beach,dreamlike
fox,painting on a canvas,on a grassy hill,vibrant
fox,painting on a canvas,in a magical castle,whimsical
fox,painting on a canvas,in a dense forest,colorful and lively
fox,painting on a canvas,on a snowy hill,high quality
fox,painting on a canvas,on a grassy hill,whimsical
fox,painting on a canvas,in a vibrant coral reef,realistic
fox,painting on a canvas,on a snowy hill,surreal
fox,painting on a canvas,on a grassy hill,high quality
fox,painting on a canvas,on a tropical beach,dreamlike
fox,painting on a canvas,at the top of a mountain,surreal
fox,painting on a canvas,on a grassy hill,whimsical
fox,painting on a canvas,in a dense forest,whimsical
fox,painting on a canvas,on a grassy hill,realistic
fox,painting on a canvas,on a tropical beach,vibrant
fox,painting on a canvas,at the top of a mountain,high quality
fox,painting on a canvas,in a vibrant coral reef,realistic
fox,painting on a canvas,in a vibrant coral reef,colorful and lively
fox,painting on a canvas,on a tropical beach,colorful and lively
fox,painting on a canvas,on a snowy hill,peaceful
fox,painting on a canvas,at the top of a mountain,realistic
fox,painting on a canvas,on a tropical beach,dreamlike
fox,painting on a canvas,in a vibrant coral reef,detailed
fox,painting on a canvas,on a tropical beach,realistic
fox,painting on a canvas,on a snowy hill,detailed
koala,painting on a canvas,on a grassy hill,dreamlike
koala,painting on a canvas,in a vibrant coral reef,realistic
koala,painting on a canvas,on a snowy hill,peaceful
koala,painting on a canvas,in a magical castle,detailed
koala,painting on a canvas,in a magical castle,high quality
koala,painting on a canvas,in a magical castle,whimsical
koala,painting on a canvas,on a grassy hill,dreamlike
koala,painting on a canvas,in a city park,realistic
koala,painting on a canvas,on a snowy hill,vibrant
koala,painting on a canvas,in a city park,dreamlike
koala,painting on a canvas,on a grassy hill,realistic
koala,painting on a canvas,in a city park,detailed
koala,painting on a canvas,at the top of a mountain,detailed
koala,painting on a canvas,in a dense forest,high quality
koala,painting on a canvas,in a vibrant coral reef,realistic
koala,painting on a canvas,in a dense forest,whimsical
koala,painting on a canvas,at the top of a mountain,surreal
koala,painting on a canvas,on a snowy hill,whimsical
koala,painting on a canvas,on a snowy hill,colorful and lively
koala,painting on a canvas,in a magical castle,peaceful
koala,painting on a canvas,on a tropical beach,high quality
koala,painting on a canvas,on a tropical beach,dreamlike
koala,painting on a canvas,in a vibrant coral reef,whimsical
koala,painting on a canvas,on a grassy hill,peaceful
koala,painting on a canvas,on a tropical beach,detailed
koala,painting on a canvas,in a city park,high quality
koala,painting on a canvas,in a magical castle,colorful and lively
koala,painting on a canvas,in a vibrant coral reef,colorful and lively
koala,painting on a canvas,on a tropical beach,realistic
koala,painting on a canvas,on a snowy hill,colorful and lively
koala,painting on a canvas,on a grassy hill,surreal
koala,painting on a canvas,in a vibrant coral reef,dreamlike
koala,painting on a canvas,on a tropical beach,high quality
koala,painting on a canvas,on a snowy hill,detailed
koala,painting on a canvas,in a dense forest,detailed
koala,painting on a canvas,on a grassy hill,realistic
koala,painting on a canvas,in a vibrant coral reef,detailed
koala,painting on a canvas,in a dense forest,vibrant
panda,painting on a canvas,on a grassy hill,high quality
panda,painting on a canvas,in a city park,surreal
panda,painting on a canvas,in a dense forest,whimsical
panda,painting on a canvas,on a grassy hill,surreal
panda,painting on a canvas,on a grassy hill,surreal
panda,painting on a canvas,on a grassy hill,whimsical
panda,painting on a canvas,on a tropical beach,realistic
panda,painting on a canvas,at the top of a mountain,surreal
panda,painting on a canvas,on a tropical beach,realistic
panda,painting on a canvas,in a magical castle,high quality
panda,painting on a canvas,in a dense forest,surreal
panda,painting on a canvas,in a magical castle,detailed
panda,painting on a canvas,in a magical castle,colorful and lively
panda,painting on a canvas,on a grassy hill,high quality
panda,painting on a canvas,at the top of a mountain,dreamlike
panda,painting on a canvas,in a dense forest,peaceful
panda,painting on a canvas,in a vibrant coral reef,dreamlike
panda,painting on a canvas,in a magical castle,dreamlike
panda,painting on a canvas,on a tropical beach,surreal
panda,painting on a canvas,in a city park,detailed
panda,painting on a canvas,on a grassy hill,detailed
panda,painting on a canvas,on a tropical beach,high quality
panda,painting on a canvas,in a dense forest,realistic
panda,painting on a canvas,in a city park,realistic
panda,painting on a canvas,on a tropical beach,realistic
panda,painting on a canvas,in a dense forest,whimsical
panda,painting on a canvas,at the top of a mountain,colorful and lively
panda,painting on a canvas,on a grassy hill,detailed
panda,painting on a canvas,on a grassy hill,vibrant
panda,painting on a canvas,at the top of a mountain,whimsical
panda,painting on a canvas,in a magical castle,vibrant
panda,painting on a canvas,in a city park,whimsical
panda,painting on a canvas,in a city park,peaceful
panda,painting on a canvas,on a tropical beach,surreal
panda,painting on a canvas,in a city park,dreamlike
panda,painting on a canvas,on a grassy hill,vibrant
panda,painting on a canvas,in a magical castle,dreamlike
panda,painting on a canvas,on a grassy hill,dreamlike
panda,painting on a canvas,in a vibrant coral reef,dreamlike
panda,painting on a canvas,on a tropical beach,dreamlike
panda,painting on a canvas,in a magical castle,realistic
panda,painting on a canvas,on a grassy hill,realistic
panda,painting on a canvas,in a vibrant coral reef,dreamlike
panda,painting on a canvas,in a city park,high quality
panda,painting on a canvas,in a city park,surreal
panda,painting on a canvas,on a tropical beach,surreal
panda,painting on a canvas,in a magical castle,peaceful
panda,painting on a canvas,in a city park,detailed
panda,painting on a canvas,on a tropical beach,colorful and lively
panda,painting on a canvas,in a dense forest,peaceful
panda,painting on a canvas,at the top of a mountain,peaceful
panda,painting on a canvas,in a vibrant coral reef,dreamlike
panda,painting on a canvas,in a magical castle,whimsical
panda,painting on a canvas,on a grassy hill,colorful and lively
panda,painting on a canvas,in a magical castle,detailed
penguin,painting on a canvas,on a grassy hill,colorful and lively
penguin,painting on a canvas,on a grassy hill,peaceful
penguin,painting on a canvas,in a vibrant coral reef,vibrant
penguin,painting on a canvas,on a tropical beach,high quality
penguin,painting on a canvas,in a dense forest,colorful and lively
penguin,painting on a canvas,at the top of a mountain,dreamlike
penguin,painting on a canvas,in a magical castle,peaceful
penguin,painting on a canvas,on a snowy hill,realistic
penguin,painting on a canvas,in a magical castle,surreal
penguin,painting on a canvas,in a magical castle,dreamlike
penguin,painting on a canvas,in a magical castle,detailed
penguin,painting on a canvas,at the top of a mountain,dreamlike
penguin,painting on a canvas,in a vibrant coral reef,vibrant
penguin,painting on a canvas,in a city park,whimsical
penguin,painting on a canvas,at the top of a mountain,colorful and lively
penguin,painting on a canvas,at the top of a mountain,peaceful
penguin,painting on a canvas,on a tropical beach,vibrant
penguin,painting on a canvas,on a snowy hill,vibrant
penguin,painting on a canvas,on a snowy hill,vibrant
penguin,painting on a canvas,on a tropical beach,whimsical
penguin,painting on a canvas,in a city park,whimsical
penguin,painting on a canvas,on a grassy hill,peaceful
penguin,painting on a canvas,at the top of a mountain,vibrant
penguin,painting on a canvas,in a magical castle,dreamlike
penguin,painting on a canvas,at the top of a mountain,detailed
penguin,painting on a canvas,in a city park,surreal
penguin,painting on a canvas,on a snowy hill,surreal
penguin,painting on a canvas,in a city park,colorful and lively
penguin,painting on a canvas,on a grassy hill,realistic
penguin,painting on a canvas,on a tropical beach,whimsical
penguin,painting on a canvas,on a grassy hill,dreamlike
penguin,painting on a canvas,in a city park,detailed
penguin,painting on a canvas,on a snowy hill,detailed
penguin,painting on a canvas,on a grassy hill,realistic
penguin,painting on a canvas,on a snowy hill,surreal
penguin,painting on a canvas,in a vibrant coral reef,colorful and lively
penguin,painting on a canvas,on a tropical beach,colorful and lively
penguin,painting on a canvas,on a grassy hill,surreal
penguin,painting on a canvas,on a grassy hill,surreal
penguin,painting on a canvas,in a magical castle,dreamlike
penguin,painting on a canvas,in a magical castle,vibrant
penguin,painting on a canvas,in a vibrant coral reef,vibrant
penguin,painting on a canvas,in a magical castle,surreal
penguin,painting on a canvas,on a grassy hill,surreal
penguin,painting on a canvas,in a vibrant coral reef,colorful and lively
penguin,painting on a canvas,in a magical castle,detailed
penguin,painting on a canvas,in a city park,dreamlike
penguin,painting on a canvas,at the top of a mountain,detailed
penguin,painting on a canvas,on a grassy hill,peaceful
penguin,painting on a canvas,on a tropical beach,colorful and lively
penguin,painting on a canvas,on a snowy hill,vibrant
penguin,painting on a canvas,in a magical castle,realistic
penguin,painting on a canvas,in a magical castle,surreal
penguin,painting on a canvas,in a magical castle,whimsical
penguin,painting on a canvas,on a grassy hill,high quality
penguin,painting on a canvas,on a snowy hill,dreamlike
penguin,painting on a canvas,at the top of a mountain,surreal
penguin,painting on a canvas,in a city park,colorful and lively
penguin,painting on a canvas,on a tropical beach,peaceful
penguin,painting on a canvas,in a vibrant coral reef,peaceful
polar bear,painting on a canvas,in a magical castle,whimsical
polar bear,painting on a canvas,in a city park,vibrant
polar bear,painting on a canvas,on a tropical beach,vibrant
polar bear,painting on a canvas,in a dense forest,vibrant
polar bear,painting on a canvas,on a grassy hill,vibrant
polar bear,painting on a canvas,in a vibrant coral reef,realistic
polar bear,painting on a canvas,in a dense forest,peaceful
polar bear,painting on a canvas,on a grassy hill,realistic
polar bear,painting on a canvas,on a snowy hill,colorful and lively
polar bear,painting on a canvas,in a city park,peaceful
polar bear,painting on a canvas,in a vibrant coral reef,detailed
polar bear,painting on a canvas,in a city park,dreamlike
polar bear,painting on a canvas,on a grassy hill,dreamlike
polar bear,painting on a canvas,in a magical castle,whimsical
polar bear,painting on a canvas,in a dense forest,surreal
polar bear,painting on a canvas,on a snowy hill,realistic
polar bear,painting on a canvas,at the top of a mountain,colorful and lively
polar bear,painting on a canvas,in a vibrant coral reef,high quality
polar bear,painting on a canvas,in a dense forest,whimsical
polar bear,painting on a canvas,in a city park,peaceful
polar bear,painting on a canvas,in a city park,surreal
polar bear,painting on a canvas,in a vibrant coral reef,whimsical
polar bear,painting on a canvas,on a grassy hill,whimsical
polar bear,painting on a canvas,on a snowy hill,realistic
polar bear,painting on a canvas,on a snowy hill,surreal
polar bear,painting on a canvas,in a vibrant coral reef,peaceful
polar bear,painting on a canvas,in a magical castle,vibrant
polar bear,painting on a canvas,at the top of a mountain,surreal
polar bear,painting on a canvas,in a city park,whimsical
polar bear,painting on a canvas,in a dense forest,whimsical
polar bear,painting on a canvas,at the top of a mountain,colorful and lively
polar bear,painting on a canvas,in a magical castle,surreal
polar bear,painting on a canvas,in a magical castle,detailed
polar bear,painting on a canvas,in a vibrant coral reef,surreal
polar bear,painting on a canvas,in a dense forest,peaceful
polar bear,painting on a canvas,in a dense forest,whimsical
polar bear,painting on a canvas,on a snowy hill,peaceful
polar bear,painting on a canvas,in a city park,realistic
polar bear,painting on a canvas,at the top of a mountain,peaceful
polar bear,painting on a canvas,in a dense forest,realistic
polar bear,painting on a canvas,in a city park,peaceful
polar bear,painting on a canvas,on a snowy hill,vibrant
polar bear,painting on a canvas,on a snowy hill,surreal
polar bear,painting on a canvas,on a grassy hill,detailed
polar bear,painting on a canvas,on a grassy hill,dreamlike
polar bear,painting on a canvas,in a city park,surreal
polar bear,painting on a canvas,on a tropical beach,dreamlike
polar bear,painting on a canvas,in a vibrant coral reef,realistic
polar bear,painting on a canvas,at the top of a mountain,detailed
polar bear,painting on a canvas,on a tropical beach,vibrant
polar bear,painting on a canvas,on a snowy hill,vibrant
polar bear,painting on a canvas,on a grassy hill,dreamlike
polar bear,painting on a canvas,on a tropical beach,vibrant
polar bear,painting on a canvas,in a vibrant coral reef,whimsical
polar bear,painting on a canvas,at the top of a mountain,colorful and lively
polar bear,painting on a canvas,in a magical castle,peaceful
polar bear,painting on a canvas,in a vibrant coral reef,colorful and lively
polar bear,painting on a canvas,on a snowy hill,detailed
polar bear,painting on a canvas,in a city park,detailed
polar bear,painting on a canvas,on a snowy hill,high quality
rabbit,painting on a canvas,on a tropical beach,peaceful
rabbit,painting on a canvas,at the top of a mountain,dreamlike
rabbit,painting on a canvas,on a grassy hill,surreal
rabbit,painting on a canvas,in a magical castle,surreal
rabbit,painting on a canvas,in a dense forest,dreamlike
rabbit,painting on a canvas,on a snowy hill,dreamlike
rabbit,painting on a canvas,on a snowy hill,realistic
rabbit,painting on a canvas,on a snowy hill,dreamlike
rabbit,painting on a canvas,in a dense forest,high quality
rabbit,painting on a canvas,in a city park,dreamlike
rabbit,painting on a canvas,on a tropical beach,high quality
rabbit,painting on a canvas,on a tropical beach,peaceful
rabbit,painting on a canvas,at the top of a mountain,realistic
rabbit,painting on a canvas,on a grassy hill,surreal
rabbit,painting on a canvas,at the top of a mountain,vibrant
rabbit,painting on a canvas,in a magical castle,whimsical
rabbit,painting on a canvas,in a city park,peaceful
rabbit,painting on a canvas,on a snowy hill,dreamlike
rabbit,painting on a canvas,on a tropical beach,whimsical
rabbit,painting on a canvas,on a tropical beach,detailed
rabbit,painting on a canvas,in a vibrant coral reef,detailed
rabbit,painting on a canvas,at the top of a mountain,colorful and lively
rabbit,painting on a canvas,in a magical castle,realistic
rabbit,painting on a canvas,in a city park,vibrant
rabbit,painting on a canvas,in a city park,realistic
rabbit,painting on a canvas,at the top of a mountain,detailed
rabbit,painting on a canvas,in a magical castle,peaceful
rabbit,painting on a canvas,on a tropical beach,colorful and lively
rabbit,painting on a canvas,in a vibrant coral reef,surreal
rabbit,painting on a canvas,in a vibrant coral reef,peaceful
rabbit,painting on a canvas,on a grassy hill,realistic
rabbit,painting on a canvas,in a dense forest,colorful and lively
rabbit,painting on a canvas,on a tropical beach,detailed
rabbit,painting on a canvas,in a dense forest,detailed
rabbit,painting on a canvas,at the top of a mountain,high quality
rabbit,painting on a canvas,in a vibrant coral reef,detailed
rabbit,painting on a canvas,in a vibrant coral reef,surreal
rabbit,painting on a canvas,on a tropical beach,high quality
rabbit,painting on a canvas,in a dense forest,whimsical
rabbit,painting on a canvas,in a city park,detailed
rabbit,painting on a canvas,on a tropical beach,high quality
rabbit,painting on a canvas,on a tropical beach,high quality
rabbit,painting on a canvas,on a grassy hill,high quality
rabbit,painting on a canvas,on a tropical beach,dreamlike
rabbit,painting on a canvas,on a grassy hill,high quality
rabbit,painting on a canvas,in a magical castle,high quality
rabbit,painting on a canvas,on a snowy hill,peaceful
fox,playing a guitar,in a city park,dreamlike
fox,playing a guitar,on a grassy hill,whimsical
fox,playing a guitar,in a city park,detailed
fox,playing a guitar,in a city park,vibrant
fox,playing a guitar,on a tropical beach,detailed
fox,playing a guitar,on a tropical beach,peaceful
fox,playing a guitar,in a magical castle,realistic
fox,playing a guitar,in a dense forest,surreal
fox,playing a guitar,in a dense forest,detailed
fox,playing a guitar,on a snowy hill,detailed
fox,playing a guitar,on a snowy hill,whimsical
fox,playing a guitar,in a vibrant coral reef,vibrant
fox,playing a guitar,in a city park,detailed
fox,playing a guitar,in a city park,peaceful
fox,playing a guitar,on a grassy hill,vibrant
fox,playing a guitar,at the top of a mountain,peaceful
fox,playing a guitar,on a snowy hill,peaceful
fox,playing a guitar,in a dense forest,peaceful
fox,playing a guitar,in a magical castle,whimsical
fox,playing a guitar,on a grassy hill,realistic
fox,playing a guitar,on a snowy hill,surreal
fox,playing a guitar,on a tropical beach,vibrant
fox,playing a guitar,at the top of a mountain,realistic
fox,playing a guitar,in a dense forest,colorful and lively
fox,playing a guitar,in a magical castle,realistic
fox,playing a guitar,at the top of a mountain,high quality
fox,playing a guitar,in a magical castle,peaceful
fox,playing a guitar,in a vibrant coral reef,peaceful
fox,playing a guitar,on a grassy hill,colorful and lively
fox,playing a guitar,on a grassy hill,vibrant
fox,playing a guitar,in a dense forest,colorful and lively
fox,playing a guitar,in a dense forest,detailed
fox,playing a guitar,on a snowy hill,colorful and lively
fox,playing a guitar,on a tropical beach,dreamlike
fox,playing a guitar,on a snowy hill,whimsical
fox,playing a guitar,in a dense forest,whimsical
fox,playing a guitar,on a snowy hill,whimsical
fox,playing a guitar,on a snowy hill,dreamlike
fox,playing a guitar,at the top of a mountain,high quality
fox,playing a guitar,in a city park,dreamlike
fox,playing a guitar,in a magical castle,vibrant
fox,playing a guitar,in a magical castle,peaceful
fox,playing a guitar,on a tropical beach,detailed
fox,playing a guitar,on a snowy hill,high quality
fox,playing a guitar,on a grassy hill,detailed
fox,playing a guitar,on a snowy hill,dreamlike
koala,playing a guitar,on a tropical beach,colorful and lively
koala,playing a guitar,in a magical castle,surreal
koala,playing a guitar,on a grassy hill,vibrant
koala,playing a guitar,on a snowy hill,whimsical
koala,playing a guitar,on a snowy hill,detailed
koala,playing a guitar,on a grassy hill,surreal
koala,playing a guitar,on a tropical beach,vibrant
koala,playing a guitar,in a city park,whimsical
koala,playing a guitar,in a dense forest,dreamlike
koala,playing a guitar,in a city park,detailed
koala,playing a guitar,in a magical castle,vibrant
koala,playing a guitar,in a city park,vibrant
koala,playing a guitar,in a city park,high quality
koala,playing a guitar,in a city park,vibrant
koala,playing a guitar,on a tropical beach,surreal
koala,playing a guitar,on a snowy hill,vibrant
koala,playing a guitar,in a city park,realistic
koala,playing a guitar,in a dense forest,high quality
koala,playing a guitar,in a dense forest,whimsical
koala,playing a guitar,on a snowy hill,dreamlike
koala,playing a guitar,on a tropical beach,whimsical
koala,playing a guitar,at the top of a mountain,dreamlike
koala,playing a guitar,on a grassy hill,vibrant
koala,playing a guitar,on a snowy hill,detailed
koala,playing a guitar,at the top of a mountain,surreal
koala,playing a guitar,in a magical castle,colorful and lively
koala,playing a guitar,on a snowy hill,detailed
koala,playing a guitar,on a grassy hill,surreal
koala,playing a guitar,in a city park,whimsical
koala,playing a guitar,in a vibrant coral reef,whimsical
koala,playing a guitar,on a tropical beach,colorful and lively
koala,playing a guitar,in a city park,surreal
koala,playing a guitar,on a snowy hill,whimsical
koala,playing a guitar,on a snowy hill,realistic
koala,playing a guitar,on a tropical beach,colorful and lively
koala,playing a guitar,on a grassy hill,peaceful
koala,playing a guitar,at the top of a mountain,detailed
koala,playing a guitar,on a snowy hill,whimsical
koala,playing a guitar,on a tropical beach,colorful and lively
koala,playing a guitar,on a snowy hill,realistic
koala,playing a guitar,on a grassy hill,high quality
koala,playing a guitar,on a tropical beach,dreamlike
koala,playing a guitar,in a vibrant coral reef,colorful and lively
koala,playing a guitar,in a vibrant coral reef,colorful and lively
koala,playing a guitar,on a grassy hill,surreal
koala,playing a guitar,in a city park,peaceful
koala,playing a guitar,in a vibrant coral reef,colorful and lively
koala,playing a guitar,on a snowy hill,dreamlike
koala,playing a guitar,on a grassy hill,surreal
koala,playing a guitar,on a tropical beach,realistic
koala,playing a guitar,in a vibrant coral reef,whimsical
panda,playing a guitar,in a dense forest,surreal
panda,playing a guitar,in a magical castle,detailed
panda,playing a guitar,on a snowy hill,peaceful
panda,playing a guitar,in a dense forest,realistic
panda,playing a guitar,on a grassy hill,vibrant
panda,playing a guitar,in a vibrant coral reef,realistic
panda,playing a guitar,in a city park,whimsical
panda,playing a guitar,in a city park,high quality
panda,playing a guitar,on a snowy hill,dreamlike
panda,playing a guitar,on a snowy hill,dreamlike
panda,playing a guitar,on a grassy hill,vibrant
panda,playing a guitar,at the top of a mountain,colorful and lively
panda,playing a guitar,on a snowy hill,dreamlike
panda,playing a guitar,on a grassy hill,peaceful
panda,playing a guitar,in a dense forest,high quality
panda,playing a guitar,in a city park,vibrant
panda,playing a guitar,at the top of a mountain,peaceful
panda,playing a guitar,in a city park,colorful and lively
panda,playing a guitar,on a grassy hill,dreamlike
panda,playing a guitar,on a snowy hill,high quality
panda,playing a guitar,on a tropical beach,realistic
panda,playing a guitar,on a grassy hill,detailed
panda,playing a guitar,in a magical castle,colorful and lively
panda,playing a guitar,on a snowy hill,detailed
panda,playing a guitar,on a grassy hill,vibrant
panda,playing a guitar,in a vibrant coral reef,peaceful
panda,playing a guitar,on a grassy hill,dreamlike
panda,playing a guitar,at the top of a mountain,whimsical
panda,playing a guitar,at the top of a mountain,dreamlike
panda,playing a guitar,in a vibrant coral reef,colorful and lively
panda,playing a guitar,in a dense forest,colorful and lively
panda,playing a guitar,on a grassy hill,colorful and lively
panda,playing a guitar,in a vibrant coral reef,high quality
panda,playing a guitar,on a snowy hill,realistic
panda,playing a guitar,in a city park,vibrant
panda,playing a guitar,on a snowy hill,peaceful
panda,playing a guitar,at the top of a mountain,high quality
panda,playing a guitar,on a snowy hill,whimsical
panda,playing a guitar,in a vibrant coral reef,surreal
panda,playing a guitar,in a city park,colorful and lively
panda,playing a guitar,on a snowy hill,colorful and lively
panda,playing a guitar,in a vibrant coral reef,realistic
panda,playing a guitar,in a city park,vibrant
panda,playing a guitar,at the top of a mountain,detailed
panda,playing a guitar,in a dense forest,dreamlike
panda,playing a guitar,in a city park,surreal
panda,playing a guitar,on a tropical beach,peaceful
panda,playing a guitar,on a tropical beach,high quality
panda,playing a guitar,on a tropical beach,whimsical
panda,playing a guitar,on a grassy hill,peaceful
panda,playing a guitar,in a dense forest,high quality
panda,playing a guitar,on a snowy hill,realistic
penguin,playing a guitar,at the top of a mountain,dreamlike
penguin,playing a guitar,in a vibrant coral reef,realistic
penguin,playing a guitar,at the top of a mountain,surreal
penguin,playing a guitar,at the top of a mountain,vibrant
penguin,playing a guitar,in a magical castle,realistic
penguin,playing a guitar,at the top of a mountain,whimsical
penguin,playing a guitar,in a vibrant coral reef,vibrant
penguin,playing a guitar,at the top of a mountain,surreal
penguin,playing a guitar,in a dense forest,dreamlike
penguin,playing a guitar,in a vibrant coral reef,peaceful
penguin,playing a guitar,on a grassy hill,detailed
penguin,playing a guitar,in a dense forest,detailed
penguin,playing a guitar,in a dense forest,peaceful
penguin,playing a guitar,at the top of a mountain,surreal
penguin,playing a guitar,in a city park,colorful and lively
penguin,playing a guitar,in a magical castle,vibrant
penguin,playing a guitar,in a magical castle,colorful and lively
penguin,playing a guitar,on a snowy hill,peaceful
penguin,playing a guitar,at the top of a mountain,vibrant
penguin,playing a guitar,in a magical castle,peaceful
penguin,playing a guitar,in a vibrant coral reef,surreal
penguin,playing a guitar,at the top of a mountain,whimsical
penguin,playing a guitar,on a grassy hill,vibrant
penguin,playing a guitar,on a grassy hill,vibrant
penguin,playing a guitar,on a snowy hill,colorful and lively
penguin,playing a guitar,in a dense forest,detailed
penguin,playing a guitar,in a magical castle,surreal
penguin,playing a guitar,on a grassy hill,whimsical
penguin,playing a guitar,on a tropical beach,colorful and lively
penguin,playing a guitar,in a city park,colorful and lively
penguin,playing a guitar,in a magical castle,whimsical
penguin,playing a guitar,in a dense forest,colorful and lively
penguin,playing a guitar,in a vibrant coral reef,whimsical
penguin,playing a guitar,at the top of a mountain,high quality
penguin,playing a guitar,on a tropical beach,realistic
penguin,playing a guitar,at the top of a mountain,dreamlike
penguin,playing a guitar,in a dense forest,vibrant
penguin,playing a guitar,on a grassy hill,peaceful
penguin,playing a guitar,in a dense forest,vibrant
penguin,playing a guitar,on a tropical beach,peaceful
penguin,playing a guitar,in a dense forest,dreamlike
penguin,playing a guitar,on a tropical beach,colorful and lively
penguin,playing a guitar,on a tropical beach,vibrant
penguin,playing a guitar,in a dense forest,detailed
penguin,playing a guitar,on a tropical beach,colorful and lively
penguin,playing a guitar,at the top of a mountain,vibrant
penguin,playing a guitar,in a city park,surreal
penguin,playing a guitar,at the top of a mountain,realistic
penguin,playing a guitar,in a vibrant coral reef,surreal
penguin,playing a guitar,on a grassy hill,realistic
polar bear,playing a guitar,on a snowy hill,realistic
polar bear,playing a guitar,at the top of a mountain,dreamlike
polar bear,playing a guitar,in a city park,surreal
polar bear,playing a guitar,in a dense forest,colorful and lively
polar bear,playing a guitar,in a vibrant coral reef,dreamlike
polar bear,playing a guitar,in a city park,vibrant
polar bear,playing a guitar,on a tropical beach,surreal
polar bear,playing a guitar,on a tropical beach,realistic
polar bear,playing a guitar,in a dense forest,surreal
polar bear,playing a guitar,on a tropical beach,realistic
polar bear,playing a guitar,in a city park,whimsical
polar bear,playing a guitar,at the top of a mountain,realistic
polar bear,playing a guitar,on a grassy hill,peaceful
polar bear,playing a guitar,in a city park,colorful and lively
polar bear,playing a guitar,on a grassy hill,dreamlike
polar bear,playing a guitar,at the top of a mountain,peaceful
polar bear,playing a guitar,on a grassy hill,high quality
polar bear,playing a guitar,on a snowy hill,colorful and lively
polar bear,playing a guitar,in a city park,dreamlike
polar bear,playing a guitar,on a tropical beach,dreamlike
polar bear,playing a guitar,on a snowy hill,high quality
polar bear,playing a guitar,in a dense forest,surreal
polar bear,playing a guitar,in a city park,vibrant
polar bear,playing a guitar,on a grassy hill,whimsical
polar bear,playing a guitar,in a dense forest,detailed
polar bear,playing a guitar,on a grassy hill,detailed
polar bear,playing a guitar,in a vibrant coral reef,colorful and lively
polar bear,playing a guitar,on a grassy hill,detailed
polar bear,playing a guitar,on a snowy hill,peaceful
polar bear,playing a guitar,in a city park,surreal
polar bear,playing a guitar,in a dense forest,whimsical
polar bear,playing a guitar,on a snowy hill,peaceful
polar bear,playing a guitar,in a city park,vibrant
polar bear,playing a guitar,in a vibrant coral reef,realistic
polar bear,playing a guitar,in a magical castle,high quality
polar bear,playing a guitar,in a vibrant coral reef,peaceful
polar bear,playing a guitar,in a city park,peaceful
polar bear,playing a guitar,on a grassy hill,surreal
polar bear,playing a guitar,on a grassy hill,high quality
polar bear,playing a guitar,in a vibrant coral reef,realistic
polar bear,playing a guitar,on a tropical beach,dreamlike
polar bear,playing a guitar,on a snowy hill,vibrant
polar bear,playing a guitar,on a snowy hill,surreal
polar bear,playing a guitar,at the top of a mountain,surreal
polar bear,playing a guitar,in a city park,high quality
polar bear,playing a guitar,in a city park,realistic
polar bear,playing a guitar,at the top of a mountain,vibrant
polar bear,playing a guitar,on a tropical beach,whimsical
polar bear,playing a guitar,in a dense forest,whimsical
polar bear,playing a guitar,on a grassy hill,peaceful
rabbit,playing a guitar,on a grassy hill,realistic
rabbit,playing a guitar,on a snowy hill,high quality
rabbit,playing a guitar,on a snowy hill,dreamlike
rabbit,playing a guitar,in a vibrant coral reef,colorful and lively
rabbit,playing a guitar,in a city park,realistic
rabbit,playing a guitar,on a grassy hill,high quality
rabbit,playing a guitar,in a dense forest,detailed
rabbit,playing a guitar,on a tropical beach,vibrant
rabbit,playing a guitar,on a tropical beach,vibrant
rabbit,playing a guitar,in a dense forest,peaceful
rabbit,playing a guitar,in a city park,realistic
rabbit,playing a guitar,in a city park,colorful and lively
rabbit,playing a guitar,at the top of a mountain,high quality
rabbit,playing a guitar,at the top of a mountain,realistic
rabbit,playing a guitar,in a magical castle,dreamlike
rabbit,playing a guitar,on a grassy hill,colorful and lively
rabbit,playing a guitar,on a grassy hill,peaceful
rabbit,playing a guitar,on a grassy hill,peaceful
rabbit,playing a guitar,on a tropical beach,colorful and lively
rabbit,playing a guitar,in a magical castle,whimsical
rabbit,playing a guitar,in a city park,detailed
rabbit,playing a guitar,on a grassy hill,colorful and lively
rabbit,playing a guitar,on a snowy hill,colorful and lively
rabbit,playing a guitar,on a tropical beach,peaceful
rabbit,playing a guitar,in a vibrant coral reef,peaceful
rabbit,playing a guitar,in a vibrant coral reef,whimsical
rabbit,playing a guitar,in a dense forest,dreamlike
rabbit,playing a guitar,on a grassy hill,dreamlike
rabbit,playing a guitar,in a magical castle,colorful and lively
rabbit,playing a guitar,in a magical castle,dreamlike
rabbit,playing a guitar,on a grassy hill,dreamlike
rabbit,playing a guitar,at the top of a mountain,detailed
rabbit,playing a guitar,in a dense forest,surreal
rabbit,playing a guitar,in a vibrant coral reef,vibrant
rabbit,playing a guitar,on a snowy hill,colorful and lively
rabbit,playing a guitar,in a magical castle,vibrant
rabbit,playing a guitar,in a dense forest,vibrant
rabbit,playing a guitar,on a grassy hill,colorful and lively
rabbit,playing a guitar,at the top of a mountain,colorful and lively
rabbit,playing a guitar,in a dense forest,detailed
rabbit,playing a guitar,in a magical castle,colorful and lively
rabbit,playing a guitar,in a dense forest,colorful and lively
rabbit,playing a guitar,in a dense forest,peaceful
rabbit,playing a guitar,on a tropical beach,high quality
rabbit,playing a guitar,in a dense forest,surreal
rabbit,playing a guitar,in a vibrant coral reef,colorful and lively
rabbit,playing a guitar,in a vibrant coral reef,realistic
rabbit,playing a guitar,in a magical castle,vibrant
rabbit,playing a guitar,in a magical castle,realistic
rabbit,playing a guitar,on a tropical beach,vibrant
fox,reading a book,in a vibrant coral reef,surreal
fox,reading a book,on a tropical beach,dreamlike
fox,reading a book,on a grassy hill,detailed
fox,reading a book,in a dense forest,realistic
fox,reading a book,in a magical castle,surreal
fox,reading a book,on a tropical beach,high quality
fox,reading a book,in a vibrant coral reef,peaceful
fox,reading a book,at the top of a mountain,realistic
fox,reading a book,in a magical castle,detailed
fox,reading a book,in a magical castle,surreal
fox,reading a book,on a tropical beach,surreal
fox,reading a book,in a dense forest,surreal
fox,reading a book,at the top of a mountain,whimsical
fox,reading a book,at the top of a mountain,dreamlike
fox,reading a book,in a dense forest,whimsical
fox,reading a book,at the top of a mountain,detailed
fox,reading a book,on a grassy hill,colorful and lively
fox,reading a book,on a tropical beach,peaceful
fox,reading a book,on a snowy hill,surreal
fox,reading a book,at the top of a mountain,surreal
fox,reading a book,in a city park,whimsical
fox,reading a book,in a magical castle,realistic
fox,reading a book,in a dense forest,peaceful
fox,reading a book,in a magical castle,colorful and lively
fox,reading a book,on a tropical beach,realistic
fox,reading a book,on a tropical beach,high quality
fox,reading a book,on a snowy hill,surreal
fox,reading a book,at the top of a mountain,vibrant
fox,reading a book,on a tropical beach,vibrant
fox,reading a book,on a snowy hill,high quality
fox,reading a book,in a dense forest,detailed
fox,reading a book,on a tropical beach,realistic
fox,reading a book,in a magical castle,whimsical
fox,reading a book,in a vibrant coral reef,dreamlike
fox,reading a book,in a vibrant coral reef,surreal
fox,reading a book,on a grassy hill,colorful and lively
fox,reading a book,on a grassy hill,detailed
fox,reading a book,at the top of a mountain,whimsical
fox,reading a book,in a vibrant coral reef,detailed
fox,reading a book,on a tropical beach,surreal
fox,reading a book,on a tropical beach,peaceful
fox,reading a book,on a grassy hill,high quality
fox,reading a book,in a vibrant coral reef,vibrant
koala,reading a book,in a city park,high quality
koala,reading a book,on a grassy hill,surreal
koala,reading a book,in a vibrant coral reef,vibrant
koala,reading a book,in a city park,dreamlike
koala,reading a book,in a dense forest,detailed
koala,reading a book,on a snowy hill,colorful and lively
koala,reading a book,on a grassy hill,detailed
koala,reading a book,on a snowy hill,detailed
koala,reading a book,at the top of a mountain,whimsical
koala,reading a book,on a tropical beach,surreal
koala,reading a book,in a vibrant coral reef,detailed
koala,reading a book,in a city park,vibrant
koala,reading a book,on a tropical beach,dreamlike
koala,reading a book,on a snowy hill,dreamlike
koala,reading a book,in a dense forest,dreamlike
koala,reading a book,in a magical castle,realistic
koala,reading a book,in a dense forest,colorful and lively
koala,reading a book,on a snowy hill,dreamlike
koala,reading a book,in a city park,realistic
koala,reading a book,in a dense forest,peaceful
koala,reading a book,in a dense forest,high quality
koala,reading a book,on a tropical beach,colorful and lively
koala,reading a book,on a snowy hill,detailed
koala,reading a book,in a dense forest,dreamlike
koala,reading a book,in a city park,surreal
koala,reading a book,in a city park,realistic
koala,reading a book,on a snowy hill,colorful and lively
koala,reading a book,in a magical castle,whimsical
koala,reading a book,on a grassy hill,realistic
koala,reading a book,on a grassy hill,peaceful
koala,reading a book,in a magical castle,colorful and lively
koala,reading a book,on a tropical beach,peaceful
koala,reading a book,on a grassy hill,surreal
koala,reading a book,on a grassy hill,colorful and lively
koala,reading a book,on a snowy hill,detailed
koala,reading a book,on a grassy hill,peaceful
koala,reading a book,in a vibrant coral reef,detailed
koala,reading a book,on a grassy hill,high quality
koala,reading a book,in a dense forest,surreal
koala,reading a book,in a vibrant coral reef,colorful and lively
koala,reading a book,in a magical castle,vibrant
koala,reading a book,in a city park,colorful and lively
koala,reading a book,in a vibrant coral reef,peaceful
koala,reading a book,on a snowy hill,peaceful
koala,reading a book,at the top of a mountain,whimsical
koala,reading a book,on a tropical beach,detailed
koala,reading a book,in a city park,peaceful
koala,reading a book,on a grassy hill,peaceful
koala,reading a book,on a grassy hill,high quality
koala,reading a book,on a snowy hill,colorful and lively
koala,reading a book,in a magical castle,peaceful
koala,reading a book,on a grassy hill,whimsical
koala,reading a book,in a city park,high quality
koala,reading a book,in a vibrant coral reef,peaceful
panda,reading a book,on a grassy hill,whimsical
panda,reading a book,in a vibrant coral reef,high quality
panda,reading a book,in a vibrant coral reef,realistic
panda,reading a book,on a snowy hill,vibrant
panda,reading a book,in a vibrant coral reef,realistic
panda,reading a book,in a vibrant coral reef,vibrant
panda,reading a book,in a magical castle,dreamlike
panda,reading a book,in a dense forest,vibrant
panda,reading a book,on a snowy hill,whimsical
panda,reading a book,in a vibrant coral reef,peaceful
panda,reading a book,in a city park,surreal
panda,reading a book,in a dense forest,dreamlike
panda,reading a book,on a grassy hill,vibrant
panda,reading a book,on a tropical beach,whimsical
panda,reading a book,in a dense forest,whimsical
panda,reading a book,on a tropical beach,high quality
panda,reading a book,on a snowy hill,surreal
panda,reading a book,on a grassy hill,vibrant
panda,reading a book,on a tropical beach,high quality
panda,reading a book,on a grassy hill,colorful and lively
panda,reading a book,at the top of a mountain,surreal
panda,reading a book,on a snowy hill,realistic
panda,reading a book,in a dense forest,realistic
panda,reading a book,on a snowy hill,vibrant
panda,reading a book,on a tropical beach,whimsical
panda,reading a book,in a magical castle,realistic
panda,reading a book,in a city park,surreal
panda,reading a book,on a grassy hill,realistic
panda,reading a book,in a dense forest,detailed
panda,reading a book,in a vibrant coral reef,high quality
panda,reading a book,in a city park,whimsical
panda,reading a book,on a tropical beach,surreal
panda,reading a book,on a tropical beach,surreal
panda,reading a book,in a magical castle,colorful and lively
panda,reading a book,in a city park,peaceful
panda,reading a book,on a tropical beach,dreamlike
panda,reading a book,at the top of a mountain,colorful and lively
panda,reading a book,at the top of a mountain,realistic
panda,reading a book,in a dense forest,dreamlike
panda,reading a book,at the top of a mountain,detailed
panda,reading a book,in a city park,surreal
panda,reading a book,on a grassy hill,high quality
panda,reading a book,on a snowy hill,surreal
panda,reading a book,in a city park,dreamlike
panda,reading a book,in a vibrant coral reef,vibrant
panda,reading a book,at the top of a mountain,surreal
panda,reading a book,in a city park,vibrant
panda,reading a book,on a grassy hill,detailed
panda,reading a book,on a snowy hill,dreamlike
panda,reading a book,on a grassy hill,vibrant
panda,reading a book,on a grassy hill,dreamlike
panda,reading a book,at the top of a mountain,realistic
panda,reading a book,on a tropical beach,detailed
penguin,reading a book,in a dense forest,whimsical
penguin,reading a book,on a tropical beach,dreamlike
penguin,reading a book,on a snowy hill,peaceful
penguin,reading a book,in a dense forest,whimsical
penguin,reading a book,in a city park,whimsical
penguin,reading a book,in a vibrant coral reef,dreamlike
penguin,reading a book,on a tropical beach,realistic
penguin,reading a book,at the top of a mountain,dreamlike
penguin,reading a book,in a vibrant coral reef,colorful and lively
penguin,reading a book,in a magical castle,surreal
penguin,reading a book,at the top of a mountain,vibrant
penguin,reading a book,on a snowy hill,vibrant
penguin,reading a book,in a city park,vibrant
penguin,reading a book,in a dense forest,whimsical
penguin,reading a book,in a magical castle,peaceful
penguin,reading a book,in a magical castle,high quality
penguin,reading a book,in a vibrant coral reef,detailed
penguin,reading a book,on a snowy hill,realistic
penguin,reading a book,at the top of a mountain,whimsical
penguin,reading a book,in a city park,colorful and lively
penguin,reading a book,in a vibrant coral reef,colorful and lively
penguin,reading a book,in a vibrant coral reef,surreal
penguin,reading a book,on a snowy hill,surreal
penguin,reading a book,at the top of a mountain,vibrant
penguin,reading a book,in a dense forest,whimsical
penguin,reading a book,on a snowy hill,surreal
penguin,reading a book,on a tropical beach,peaceful
penguin,reading a book,on a snowy hill,colorful and lively
penguin,reading a book,in a dense forest,peaceful
penguin,reading a book,in a city park,realistic
penguin,reading a book,on a snowy hill,realistic
penguin,reading a book,in a magical castle,high quality
penguin,reading a book,in a vibrant coral reef,peaceful
penguin,reading a book,in a dense forest,detailed
penguin,reading a book,in a dense forest,colorful and lively
penguin,reading a book,in a magical castle,surreal
penguin,reading a book,in a magical castle,high quality
penguin,reading a book,on a grassy hill,vibrant
penguin,reading a book,in a magical castle,high quality
penguin,reading a book,in a magical castle,realistic
penguin,reading a book,at the top of a mountain,surreal
penguin,reading a book,at the top of a mountain,detailed
penguin,reading a book,on a grassy hill,high quality
penguin,reading a book,at the top of a mountain,whimsical
penguin,reading a book,on a snowy hill,realistic
penguin,reading a book,in a dense forest,realistic
penguin,reading a book,at the top of a mountain,high quality
penguin,reading a book,in a vibrant coral reef,vibrant
penguin,reading a book,in a vibrant coral reef,vibrant
penguin,reading a book,in a dense forest,detailed
penguin,reading a book,in a vibrant coral reef,high quality
penguin,reading a book,in a vibrant coral reef,peaceful
penguin,reading a book,in a city park,high quality
penguin,reading a book,in a magical castle,peaceful
penguin,reading a book,on a tropical beach,peaceful
polar bear,reading a book,on a grassy hill,colorful and lively
polar bear,reading a book,on a tropical beach,high quality
polar bear,reading a book,in a city park,colorful and lively
polar bear,reading a book,on a grassy hill,surreal
polar bear,reading a book,in a vibrant coral reef,dreamlike
polar bear,reading a book,on a tropical beach,high quality
polar bear,reading a book,in a city park,dreamlike
polar bear,reading a book,in a magical castle,high quality
polar bear,reading a book,in a magical castle,colorful and lively
polar bear,reading a book,in a vibrant coral reef,colorful and lively
polar bear,reading a book,at the top of a mountain,colorful and lively
polar bear,reading a book,on a grassy hill,vibrant
polar bear,reading a book,on a snowy hill,detailed
polar bear,reading a book,on a tropical beach,dreamlike
polar bear,reading a book,in a magical castle,dreamlike
polar bear,reading a book,in a magical castle,dreamlike
polar bear,reading a book,on a snowy hill,high quality
polar bear,reading a book,in a vibrant coral reef,high quality
polar bear,reading a book,in a city park,dreamlike
polar bear,reading a book,on a grassy hill,peaceful
polar bear,reading a book,at the top of a mountain,detailed
polar bear,reading a book,at the top of a mountain,colorful and lively
polar bear,reading a book,in a vibrant coral reef,whimsical
polar bear,reading a book,in a magical castle,high quality
polar bear,reading a book,in a dense forest,surreal
polar bear,reading a book,in a magical castle,whimsical
polar bear,reading a book,at the top of a mountain,surreal
polar bear,reading a book,on a snowy hill,whimsical
polar bear,reading a book,on a tropical beach,detailed
polar bear,reading a book,in a city park,colorful and lively
polar bear,reading a book,on a grassy hill,dreamlike
polar bear,reading a book,in a dense forest,detailed
polar bear,reading a book,on a tropical beach,surreal
polar bear,reading a book,in a city park,detailed
polar bear,reading a book,in a dense forest,colorful and lively
polar bear,reading a book,on a grassy hill,whimsical
polar bear,reading a book,in a dense forest,realistic
polar bear,reading a book,in a vibrant coral reef,high quality
polar bear,reading a book,on a snowy hill,surreal
polar bear,reading a book,in a city park,whimsical
polar bear,reading a book,at the top of a mountain,detailed
polar bear,reading a book,in a city park,whimsical
polar bear,reading a book,on a grassy hill,dreamlike
polar bear,reading a book,on a grassy hill,high quality
polar bear,reading a book,in a dense forest,colorful and lively
polar bear,reading a book,on a grassy hill,realistic
rabbit,reading a book,in a magical castle,whimsical
rabbit,reading a book,on a snowy hill,detailed
rabbit,reading a book,at the top of a mountain,whimsical
rabbit,reading a book,on a tropical beach,colorful and lively
rabbit,reading a book,at the top of a mountain,surreal
rabbit,reading a book,in a dense forest,peaceful
rabbit,reading a book,in a dense forest,vibrant
rabbit,reading a book,on a tropical beach,dreamlike
rabbit,reading a book,on a tropical beach,detailed
rabbit,reading a book,on a grassy hill,peaceful
rabbit,reading a book,on a snowy hill,realistic
rabbit,reading a book,on a snowy hill,realistic
rabbit,reading a book,in a vibrant coral reef,whimsical
rabbit,reading a book,on a tropical beach,dreamlike
rabbit,reading a book,in a city park,realistic
rabbit,reading a book,on a grassy hill,detailed
rabbit,reading a book,at the top of a mountain,realistic
rabbit,reading a book,on a tropical beach,high quality
rabbit,reading a book,in a vibrant coral reef,high quality
rabbit,reading a book,in a vibrant coral reef,realistic
rabbit,reading a book,in a city park,vibrant
rabbit,reading a book,at the top of a mountain,dreamlike
rabbit,reading a book,in a dense forest,vibrant
rabbit,reading a book,in a magical castle,realistic
rabbit,reading a book,in a magical castle,whimsical
rabbit,reading a book,on a tropical beach,colorful and lively
rabbit,reading a book,on a snowy hill,whimsical
rabbit,reading a book,on a grassy hill,colorful and lively
rabbit,reading a book,in a dense forest,whimsical
rabbit,reading a book,on a grassy hill,realistic
rabbit,reading a book,on a grassy hill,realistic
rabbit,reading a book,in a vibrant coral reef,vibrant
rabbit,reading a book,at the top of a mountain,detailed
rabbit,reading a book,at the top of a mountain,dreamlike
rabbit,reading a book,in a dense forest,surreal
rabbit,reading a book,on a grassy hill,vibrant
rabbit,reading a book,on a grassy hill,high quality
rabbit,reading a book,at the top of a mountain,whimsical
rabbit,reading a book,in a vibrant coral reef,realistic
rabbit,reading a book,in a city park,realistic
rabbit,reading a book,on a grassy hill,high quality
rabbit,reading a book,in a city park,vibrant
fox,skateboarding,in a dense forest,vibrant
fox,skateboarding,in a city park,high quality
fox,skateboarding,in a magical castle,colorful and lively
fox,skateboarding,in a dense forest,realistic
fox,skateboarding,on a snowy hill,dreamlike
fox,skateboarding,in a vibrant coral reef,peaceful
fox,skateboarding,in a city park,dreamlike
fox,skateboarding,in a city park,peaceful
fox,skateboarding,on a snowy hill,detailed
fox,skateboarding,on a snowy hill,realistic
fox,skateboarding,at the top of a mountain,whimsical
fox,skateboarding,in a city park,surreal
fox,skateboarding,on a grassy hill,dreamlike
fox,skateboarding,on a tropical beach,peaceful
fox,skateboarding,in a magical castle,vibrant
fox,skateboarding,on a snowy hill,peaceful
fox,skateboarding,in a dense forest,high quality
fox,skateboarding,in a city park,detailed
fox,skateboarding,in a magical castle,whimsical
fox,skateboarding,on a grassy hill,dreamlike
fox,skateboarding,on a grassy hill,vibrant
fox,skateboarding,on a tropical beach,colorful and lively
fox,skateboarding,in a city park,surreal
fox,skateboarding,in a city park,whimsical
fox,skateboarding,on a snowy hill,realistic
fox,skateboarding,on a grassy hill,realistic
fox,skateboarding,at the top of a mountain,whimsical
fox,skateboarding,on a snowy hill,colorful and lively
fox,skateboarding,in a dense forest,realistic
fox,skateboarding,in a vibrant coral reef,dreamlike
fox,skateboarding,in a city park,vibrant
fox,skateboarding,on a snowy hill,whimsical
fox,skateboarding,in a dense forest,dreamlike
fox,skateboarding,in a city park,surreal
fox,skateboarding,on a tropical beach,whimsical
fox,skateboarding,on a grassy hill,realistic
fox,skateboarding,in a magical castle,detailed
fox,skateboarding,on a snowy hill,peaceful
fox,skateboarding,on a tropical beach,peaceful
fox,skateboarding,on a snowy hill,colorful and lively
fox,skateboarding,in a dense forest,dreamlike
fox,skateboarding,in a dense forest,vibrant
fox,skateboarding,in a vibrant coral reef,dreamlike
fox,skateboarding,in a vibrant coral reef,dreamlike
fox,skateboarding,on a grassy hill,peaceful
fox,skateboarding,in a vibrant coral reef,detailed
fox,skateboarding,in a city park,dreamlike
fox,skateboarding,at the top of a mountain,colorful and lively
fox,skateboarding,in a city park,colorful and lively
fox,skateboarding,on a tropical beach,dreamlike
fox,skateboarding,on a grassy hill,realistic
fox,skateboarding,on a tropical beach,colorful and lively
fox,skateboarding,on a tropical beach,dreamlike
fox,skateboarding,in a city park,realistic
koala,skateboarding,on a grassy hill,realistic
koala,skateboarding,in a magical castle,detailed
koala,skateboarding,at the top of a mountain,detailed
koala,skateboarding,in a city park,surreal
koala,skateboarding,in a magical castle,peaceful
koala,skateboarding,in a vibrant coral reef,surreal
koala,skateboarding,in a dense forest,peaceful
koala,skateboarding,in a city park,high quality
koala,skateboarding,in a city park,dreamlike
koala,skateboarding,on a tropical beach,realistic
koala,skateboarding,on a grassy hill,whimsical
koala,skateboarding,in a vibrant coral reef,vibrant
koala,skateboarding,on a tropical beach,whimsical
koala,skateboarding,at the top of a mountain,dreamlike
koala,skateboarding,on a snowy hill,vibrant
koala,skateboarding,on a grassy hill,realistic
koala,skateboarding,on a tropical beach,dreamlike
koala,skateboarding,on a grassy hill,whimsical
koala,skateboarding,on a tropical beach,surreal
koala,skateboarding,on a snowy hill,colorful and lively
koala,skateboarding,in a city park,detailed
koala,skateboarding,on a snowy hill,realistic
koala,skateboarding,in a vibrant coral reef,high quality
koala,skateboarding,on a tropical beach,high quality
koala,skateboarding,on a snowy hill,colorful and lively
koala,skateboarding,in a dense forest,whimsical
koala,skateboarding,on a tropical beach,vibrant
koala,skateboarding,in a vibrant coral reef,high quality
koala,skateboarding,at the top of a mountain,whimsical
koala,skateboarding,in a dense forest,dreamlike
koala,skateboarding,at the top of a mountain,peaceful
koala,skateboarding,in a city park,vibrant
koala,skateboarding,in a vibrant coral reef,colorful and lively
koala,skateboarding,on a grassy hill,peaceful
koala,skateboarding,in a magical castle,detailed
koala,skateboarding,in a city park,colorful and lively
koala,skateboarding,on a snowy hill,surreal
koala,skateboarding,in a dense forest,detailed
koala,skateboarding,in a magical castle,realistic
koala,skateboarding,on a snowy hill,colorful and lively
koala,skateboarding,in a magical castle,colorful and lively
koala,skateboarding,in a city park,surreal
koala,skateboarding,at the top of a mountain,colorful and lively
koala,skateboarding,in a dense forest,high quality
koala,skateboarding,on a tropical beach,high quality
koala,skateboarding,on a snowy hill,surreal
koala,skateboarding,in a magical castle,dreamlike
koala,skateboarding,in a city park,detailed
koala,skateboarding,in a city park,realistic
koala,skateboarding,at the top of a mountain,colorful and lively
koala,skateboarding,on a grassy hill,whimsical
koala,skateboarding,in a vibrant coral reef,high quality
panda,skateboarding,in a dense forest,dreamlike
panda,skateboarding,in a vibrant coral reef,vibrant
panda,skateboarding,on a tropical beach,high quality
panda,skateboarding,on a grassy hill,vibrant
panda,skateboarding,in a vibrant coral reef,high quality
panda,skateboarding,on a tropical beach,detailed
panda,skateboarding,on a grassy hill,detailed
panda,skateboarding,at the top of a mountain,whimsical
panda,skateboarding,at the top of a mountain,high quality
panda,skateboarding,in a city park,surreal
panda,skateboarding,on a snowy hill,surreal
panda,skateboarding,in a vibrant coral reef,high quality
panda,skateboarding,on a tropical beach,whimsical
panda,skateboarding,on a tropical beach,surreal
panda,skateboarding,at the top of a mountain,peaceful
panda,skateboarding,at the top of a mountain,surreal
panda,skateboarding,in a dense forest,colorful and lively
panda,skateboarding,at the top of a mountain,surreal
panda,skateboarding,in a vibrant coral reef,high quality
panda,skateboarding,in a dense forest,high quality
panda,skateboarding,at the top of a mountain,vibrant
panda,skateboarding,on a grassy hill,whimsical
panda,skateboarding,at the top of a mountain,vibrant
panda,skateboarding,on a grassy hill,detailed
panda,skateboarding,in a vibrant coral reef,colorful and lively
panda,skateboarding,on a tropical beach,realistic
panda,skateboarding,on a tropical beach,whimsical
panda,skateboarding,in a city park,detailed
panda,skateboarding,in a city park,colorful and lively
panda,skateboarding,in a city park,surreal
panda,skateboarding,on a grassy hill,high quality
panda,skateboarding,in a magical castle,surreal
panda,skateboarding,on a tropical beach,detailed
panda,skateboarding,in a magical castle,high quality
panda,skateboarding,at the top of a mountain,colorful and lively
panda,skateboarding,in a city park,high quality
panda,skateboarding,in a vibrant coral reef,vibrant
panda,skateboarding,at the top of a mountain,detailed
panda,skateboarding,on a grassy hill,high quality
panda,skateboarding,in a magical castle,colorful and lively
panda,skateboarding,on a tropical beach,surreal
panda,skateboarding,at the top of a mountain,peaceful
panda,skateboarding,on a grassy hill,peaceful
panda,skateboarding,in a city park,whimsical
panda,skateboarding,on a tropical beach,whimsical
panda,skateboarding,in a city park,peaceful
panda,skateboarding,on a tropical beach,surreal
panda,skateboarding,in a city park,colorful and lively
panda,skateboarding,on a grassy hill,peaceful
panda,skateboarding,on a tropical beach,surreal
panda,skateboarding,at the top of a mountain,whimsical
panda,skateboarding,on a snowy hill,dreamlike
panda,skateboarding,in a dense forest,vibrant
panda,skateboarding,on a grassy hill,detailed
panda,skateboarding,in a vibrant coral reef,high quality
panda,skateboarding,on a snowy hill,whimsical
panda,skateboarding,at the top of a mountain,surreal
panda,skateboarding,on a snowy hill,realistic
panda,skateboarding,in a dense forest,whimsical
panda,skateboarding,in a city park,detailed
panda,skateboarding,on a snowy hill,vibrant
panda,skateboarding,on a tropical beach,colorful and lively
panda,skateboarding,on a snowy hill,surreal
panda,skateboarding,on a tropical beach,surreal
penguin,skateboarding,on a grassy hill,vibrant
penguin,skateboarding,on a snowy hill,realistic
penguin,skateboarding,in a magical castle,whimsical
penguin,skateboarding,in a dense forest,realistic
penguin,skateboarding,at the top of a mountain,colorful and lively
penguin,skateboarding,in a city park,peaceful
penguin,skateboarding,at the top of a mountain,dreamlike
penguin,skateboarding,on a tropical beach,surreal
penguin,skateboarding,in a city park,detailed
penguin,skateboarding,in a dense forest,dreamlike
penguin,skateboarding,in a city park,realistic
penguin,skateboarding,in a city park,vibrant
penguin,skateboarding,on a grassy hill,whimsical
penguin,skateboarding,on a grassy hill,whimsical
penguin,skateboarding,on a snowy hill,surreal
penguin,skateboarding,in a magical castle,whimsical
penguin,skateboarding,in a dense forest,detailed
penguin,skateboarding,on a tropical beach,realistic
penguin,skateboarding,on a snowy hill,realistic
penguin,skateboarding,at the top of a mountain,colorful and lively
penguin,skateboarding,on a tropical beach,high quality
penguin,skateboarding,on a snowy hill,peaceful
penguin,skateboarding,in a magical castle,whimsical
penguin,skateboarding,in a magical castle,peaceful
penguin,skateboarding,on a tropical beach,high quality
penguin,skateboarding,in a magical castle,detailed
penguin,skateboarding,in a vibrant coral reef,vibrant
penguin,skateboarding,in a city park,vibrant
penguin,skateboarding,in a dense forest,dreamlike
penguin,skateboarding,in a dense forest,realistic
penguin,skateboarding,at the top of a mountain,surreal
penguin,skateboarding,on a tropical beach,detailed
penguin,skateboarding,in a magical castle,dreamlike
penguin,skateboarding,in a vibrant coral reef,whimsical
penguin,skateboarding,in a city park,high quality
penguin,skateboarding,on a grassy hill,whimsical
penguin,skateboarding,on a tropical beach,high quality
penguin,skateboarding,in a vibrant coral reef,realistic
penguin,skateboarding,in a magical castle,surreal
penguin,skateboarding,on a grassy hill,detailed
penguin,skateboarding,in a vibrant coral reef,high quality
penguin,skateboarding,in a dense forest,high quality
penguin,skateboarding,on a grassy hill,detailed
penguin,skateboarding,in a dense forest,dreamlike
penguin,skateboarding,in a dense forest,colorful and lively
penguin,skateboarding,in a city park,realistic
penguin,skateboarding,on a snowy hill,high quality
penguin,skateboarding,at the top of a mountain,detailed
penguin,skateboarding,in a vibrant coral reef,detailed
penguin,skateboarding,in a city park,surreal
penguin,skateboarding,on a snowy hill,peaceful
penguin,skateboarding,on a grassy hill,detailed
penguin,skateboarding,on a snowy hill,vibrant
penguin,skateboarding,in a vibrant coral reef,peaceful
penguin,skateboarding,at the top of a mountain,peaceful
penguin,skateboarding,on a grassy hill,realistic
penguin,skateboarding,on a grassy hill,vibrant
polar bear,skateboarding,in a magical castle,vibrant
polar bear,skateboarding,at the top of a mountain,whimsical
polar bear,skateboarding,in a vibrant coral reef,realistic
polar bear,skateboarding,on a snowy hill,realistic
polar bear,skateboarding,in a vibrant coral reef,realistic
polar bear,skateboarding,in a vibrant coral reef,dreamlike
polar bear,skateboarding,in a city park,vibrant
polar bear,skateboarding,on a snowy hill,colorful and lively
polar bear,skateboarding,on a snowy hill,colorful and lively
polar bear,skateboarding,at the top of a mountain,vibrant
polar bear,skateboarding,on a tropical beach,peaceful
polar bear,skateboarding,on a tropical beach,whimsical
polar bear,skateboarding,in a dense forest,colorful and lively
polar bear,skateboarding,in a magical castle,high quality
polar bear,skateboarding,at the top of a mountain,vibrant
polar bear,skateboarding,in a vibrant coral reef,whimsical
polar bear,skateboarding,on a tropical beach,colorful and lively
polar bear,skateboarding,in a vibrant coral reef,detailed
polar bear,skateboarding,in a dense forest,detailed
polar bear,skateboarding,in a magical castle,peaceful
polar bear,skateboarding,on a grassy hill,colorful and lively
polar bear,skateboarding,in a magical castle,peaceful
polar bear,skateboarding,on a grassy hill,realistic
polar bear,skateboarding,on a snowy hill,colorful and lively
polar bear,skateboarding,at the top of a mountain,high quality
polar bear,skateboarding,at the top of a mountain,vibrant
polar bear,skateboarding,on a tropical beach,colorful and lively
polar bear,skateboarding,on a snowy hill,whimsical
polar bear,skateboarding,on a tropical beach,vibrant
polar bear,skateboarding,on a tropical beach,realistic
polar bear,skateboarding,in a vibrant coral reef,vibrant
polar bear,skateboarding,on a grassy hill,colorful and lively
polar bear,skateboarding,in a city park,peaceful
polar bear,skateboarding,on a tropical beach,detailed
polar bear,skateboarding,in a city park,vibrant
polar bear,skateboarding,in a dense forest,colorful and lively
polar bear,skateboarding,in a magical castle,dreamlike
polar bear,skateboarding,on a tropical beach,high quality
polar bear,skateboarding,on a snowy hill,high quality
polar bear,skateboarding,on a snowy hill,realistic
polar bear,skateboarding,in a city park,dreamlike
polar bear,skateboarding,in a dense forest,whimsical
polar bear,skateboarding,on a grassy hill,surreal
polar bear,skateboarding,at the top of a mountain,whimsical
polar bear,skateboarding,in a vibrant coral reef,detailed
polar bear,skateboarding,on a tropical beach,detailed
polar bear,skateboarding,on a tropical beach,realistic
polar bear,skateboarding,in a dense forest,dreamlike
polar bear,skateboarding,in a dense forest,dreamlike
polar bear,skateboarding,on a grassy hill,vibrant
polar bear,skateboarding,in a magical castle,realistic
polar bear,skateboarding,in a city park,realistic
polar bear,skateboarding,on a grassy hill,dreamlike
polar bear,skateboarding,in a city park,colorful and lively
polar bear,skateboarding,on a tropical beach,high quality
rabbit,skateboarding,on a snowy hill,surreal
rabbit,skateboarding,on a tropical beach,colorful and lively
rabbit,skateboarding,on a snowy hill,peaceful
rabbit,skateboarding,in a city park,colorful and lively
rabbit,skateboarding,in a dense forest,whimsical
rabbit,skateboarding,in a vibrant coral reef,vibrant
rabbit,skateboarding,in a vibrant coral reef,colorful and lively
rabbit,skateboarding,on a tropical beach,detailed
rabbit,skateboarding,on a snowy hill,realistic
rabbit,skateboarding,on a tropical beach,dreamlike
rabbit,skateboarding,on a grassy hill,dreamlike
rabbit,skateboarding,in a vibrant coral reef,peaceful
rabbit,skateboarding,on a snowy hill,dreamlike
rabbit,skateboarding,at the top of a mountain,detailed
rabbit,skateboarding,in a city park,peaceful
rabbit,skateboarding,at the top of a mountain,high quality
rabbit,skateboarding,on a snowy hill,surreal
rabbit,skateboarding,on a snowy hill,vibrant
rabbit,skateboarding,in a vibrant coral reef,realistic
rabbit,skateboarding,on a grassy hill,surreal
rabbit,skateboarding,in a dense forest,surreal
rabbit,skateboarding,on a tropical beach,vibrant
rabbit,skateboarding,at the top of a mountain,vibrant
rabbit,skateboarding,on a tropical beach,high quality
rabbit,skateboarding,in a city park,whimsical
rabbit,skateboarding,on a snowy hill,detailed
rabbit,skateboarding,in a dense forest,dreamlike
rabbit,skateboarding,on a grassy hill,detailed
rabbit,skateboarding,in a city park,peaceful
rabbit,skateboarding,in a city park,vibrant
rabbit,skateboarding,on a snowy hill,high quality
rabbit,skateboarding,in a city park,peaceful
rabbit,skateboarding,in a magical castle,peaceful
rabbit,skateboarding,in a vibrant coral reef,realistic
rabbit,skateboarding,on a grassy hill,colorful and lively
rabbit,skateboarding,in a dense forest,high quality
rabbit,skateboarding,on a grassy hill,colorful and lively
rabbit,skateboarding,in a dense forest,realistic
rabbit,skateboarding,on a snowy hill,whimsical
rabbit,skateboarding,in a dense forest,peaceful
rabbit,skateboarding,in a dense forest,whimsical
rabbit,skateboarding,on a grassy hill,dreamlike
fox,taking photos with a camera,in a city park,whimsical
fox,taking photos with a camera,in a dense forest,colorful and lively
fox,taking photos with a camera,on a tropical beach,colorful and lively
fox,taking photos with a camera,on a grassy hill,dreamlike
fox,taking photos with a camera,in a dense forest,high quality
fox,taking photos with a camera,on a grassy hill,dreamlike
fox,taking photos with a camera,on a grassy hill,detailed
fox,taking photos with a camera,on a tropical beach,realistic
fox,taking photos with a camera,on a grassy hill,peaceful
fox,taking photos with a camera,in a vibrant coral reef,high quality
fox,taking photos with a camera,on a tropical beach,peaceful
fox,taking photos with a camera,at the top of a mountain,high quality
fox,taking photos with a camera,in a magical castle,peaceful
fox,taking photos with a camera,on a grassy hill,peaceful
fox,taking photos with a camera,at the top of a mountain,detailed
fox,taking photos with a camera,on a tropical beach,whimsical
fox,taking photos with a camera,on a grassy hill,surreal
fox,taking photos with a camera,in a city park,vibrant
fox,taking photos with a camera,in a vibrant coral reef,vibrant
fox,taking photos with a camera,in a city park,surreal
fox,taking photos with a camera,on a grassy hill,vibrant
fox,taking photos with a camera,at the top of a mountain,vibrant
fox,taking photos with a camera,in a magical castle,vibrant
fox,taking photos with a camera,at the top of a mountain,realistic
fox,taking photos with a camera,on a grassy hill,surreal
fox,taking photos with a camera,in a vibrant coral reef,detailed
fox,taking photos with a camera,at the top of a mountain,surreal
fox,taking photos with a camera,in a vibrant coral reef,vibrant
fox,taking photos with a camera,in a dense forest,realistic
fox,taking photos with a camera,on a grassy hill,vibrant
fox,taking photos with a camera,on a snowy hill,peaceful
fox,taking photos with a camera,on a tropical beach,whimsical
fox,taking photos with a camera,on a snowy hill,colorful and lively
fox,taking photos with a camera,in a dense forest,whimsical
fox,taking photos with a camera,on a tropical beach,peaceful
fox,taking photos with a camera,in a magical castle,whimsical
fox,taking photos with a camera,in a vibrant coral reef,dreamlike
fox,taking photos with a camera,on a snowy hill,vibrant
fox,taking photos with a camera,in a city park,whimsical
fox,taking photos with a camera,in a dense forest,colorful and lively
fox,taking photos with a camera,at the top of a mountain,realistic
fox,taking photos with a camera,in a vibrant coral reef,whimsical
fox,taking photos with a camera,on a tropical beach,high quality
fox,taking photos with a camera,on a grassy hill,colorful and lively
fox,taking photos with a camera,on a snowy hill,realistic
fox,taking photos with a camera,on a snowy hill,surreal
koala,taking photos with a camera,in a magical castle,surreal
koala,taking photos with a camera,in a vibrant coral reef,vibrant
koala,taking photos with a camera,on a tropical beach,surreal
koala,taking photos with a camera,on a tropical beach,dreamlike
koala,taking photos with a camera,on a grassy hill,dreamlike
koala,taking photos with a camera,at the top of a mountain,dreamlike
koala,taking photos with a camera,in a city park,detailed
koala,taking photos with a camera,in a dense forest,colorful and lively
koala,taking photos with a camera,at the top of a mountain,colorful and lively
koala,taking photos with a camera,in a magical castle,surreal
koala,taking photos with a camera,in a magical castle,detailed
koala,taking photos with a camera,on a tropical beach,dreamlike
koala,taking photos with a camera,on a grassy hill,surreal
koala,taking photos with a camera,in a vibrant coral reef,colorful and lively
koala,taking photos with a camera,in a magical castle,high quality
koala,taking photos with a camera,on a tropical beach,whimsical
koala,taking photos with a camera,on a snowy hill,detailed
koala,taking photos with a camera,in a magical castle,colorful and lively
koala,taking photos with a camera,at the top of a mountain,peaceful
koala,taking photos with a camera,on a grassy hill,high quality
koala,taking photos with a camera,on a snowy hill,vibrant
koala,taking photos with a camera,on a tropical beach,realistic
koala,taking photos with a camera,in a dense forest,realistic
koala,taking photos with a camera,in a city park,colorful and lively
koala,taking photos with a camera,in a vibrant coral reef,surreal
koala,taking photos with a camera,on a snowy hill,realistic
koala,taking photos with a camera,in a city park,colorful and lively
koala,taking photos with a camera,on a snowy hill,vibrant
koala,taking photos with a camera,on a grassy hill,realistic
koala,taking photos with a camera,in a vibrant coral reef,realistic
koala,taking photos with a camera,on a grassy hill,dreamlike
koala,taking photos with a camera,in a vibrant coral reef,realistic
koala,taking photos with a camera,on a tropical beach,colorful and lively
koala,taking photos with a camera,on a grassy hill,high quality
koala,taking photos with a camera,on a tropical beach,realistic
koala,taking photos with a camera,in a magical castle,dreamlike
koala,taking photos with a camera,on a snowy hill,realistic
koala,taking photos with a camera,on a snowy hill,detailed
koala,taking photos with a camera,in a vibrant coral reef,dreamlike
koala,taking photos with a camera,in a city park,vibrant
koala,taking photos with a camera,in a city park,colorful and lively
koala,taking photos with a camera,on a grassy hill,peaceful
koala,taking photos with a camera,in a vibrant coral reef,dreamlike
koala,taking photos with a camera,on a snowy hill,detailed
koala,taking photos with a camera,in a magical castle,vibrant
koala,taking photos with a camera,in a vibrant coral reef,dreamlike
koala,taking photos with a camera,at the top of a mountain,dreamlike
koala,taking photos with a camera,on a snowy hill,surreal
koala,taking photos with a camera,in a magical castle,high quality
koala,taking photos with a camera,in a vibrant coral reef,surreal
koala,taking photos with a camera,on a tropical beach,realistic
koala,taking photos with a camera,in a city park,peaceful
koala,taking photos with a camera,in a vibrant coral reef,vibrant
koala,taking photos with a camera,on a grassy hill,peaceful
koala,taking photos with a camera,at the top of a mountain,vibrant
koala,taking photos with a camera,on a snowy hill,surreal
koala,taking photos with a camera,in a city park,detailed
koala,taking photos with a camera,on a tropical beach,realistic
koala,taking photos with a camera,on a grassy hill,colorful and lively
koala,taking photos with a camera,in a city park,surreal
koala,taking photos with a camera,in a magical castle,vibrant
panda,taking photos with a camera,at the top of a mountain,peaceful
panda,taking photos with a camera,in a magical castle,peaceful
panda,taking photos with a camera,on a tropical beach,colorful and lively
panda,taking photos with a camera,in a vibrant coral reef,surreal
panda,taking photos with a camera,at the top of a mountain,whimsical
panda,taking photos with a camera,in a city park,peaceful
panda,taking photos with a camera,in a vibrant coral reef,whimsical
panda,taking photos with a camera,in a magical castle,surreal
panda,taking photos with a camera,in a dense forest,detailed
panda,taking photos with a camera,on a snowy hill,dreamlike
panda,taking photos with a camera,in a vibrant coral reef,peaceful
panda,taking photos with a camera,in a vibrant coral reef,dreamlike
panda,taking photos with a camera,on a grassy hill,surreal
panda,taking photos with a camera,at the top of a mountain,detailed
panda,taking photos with a camera,in a city park,realistic
panda,taking photos with a camera,in a dense forest,realistic
panda,taking photos with a camera,in a city park,whimsical
panda,taking photos with a camera,in a city park,colorful and lively
panda,taking photos with a camera,in a vibrant coral reef,realistic
panda,taking photos with a camera,on a snowy hill,realistic
panda,taking photos with a camera,in a city park,surreal
panda,taking photos with a camera,on a grassy hill,whimsical
panda,taking photos with a camera,in a magical castle,whimsical
panda,taking photos with a camera,in a vibrant coral reef,colorful and lively
panda,taking photos with a camera,in a dense forest,dreamlike
panda,taking photos with a camera,in a magical castle,peaceful
panda,taking photos with a camera,in a dense forest,high quality
panda,taking photos with a camera,on a tropical beach,dreamlike
panda,taking photos with a camera,on a tropical beach,vibrant
panda,taking photos with a camera,in a magical castle,dreamlike
panda,taking photos with a camera,in a city park,realistic
panda,taking photos with a camera,at the top of a mountain,surreal
panda,taking photos with a camera,on a grassy hill,whimsical
panda,taking photos with a camera,in a vibrant coral reef,realistic
panda,taking photos with a camera,on a tropical beach,colorful and lively
panda,taking photos with a camera,on a tropical beach,whimsical
panda,taking photos with a camera,on a grassy hill,dreamlike
panda,taking photos with a camera,at the top of a mountain,dreamlike
panda,taking photos with a camera,on a grassy hill,dreamlike
panda,taking photos with a camera,in a magical castle,whimsical
panda,taking photos with a camera,on a snowy hill,peaceful
panda,taking photos with a camera,in a city park,vibrant
panda,taking photos with a camera,on a tropical beach,dreamlike
panda,taking photos with a camera,in a dense forest,high quality
panda,taking photos with a camera,in a magical castle,whimsical
panda,taking photos with a camera,at the top of a mountain,colorful and lively
panda,taking photos with a camera,on a snowy hill,colorful and lively
panda,taking photos with a camera,at the top of a mountain,dreamlike
panda,taking photos with a camera,in a city park,high quality
panda,taking photos with a camera,at the top of a mountain,high quality
panda,taking photos with a camera,in a vibrant coral reef,high quality
panda,taking photos with a camera,in a city park,colorful and lively
panda,taking photos with a camera,on a snowy hill,surreal
panda,taking photos with a camera,on a grassy hill,colorful and lively
panda,taking photos with a camera,in a vibrant coral reef,detailed
panda,taking photos with a camera,on a grassy hill,colorful and lively
panda,taking photos with a camera,at the top of a mountain,high quality
panda,taking photos with a camera,at the top of a mountain,realistic
panda,taking photos with a camera,in a city park,detailed
panda,taking photos with a camera,in a city park,realistic
penguin,taking photos with a camera,on a snowy hill,surreal
penguin,taking photos with a camera,in a magical castle,colorful and lively
penguin,taking photos with a camera,on a snowy hill,surreal
penguin,taking photos with a camera,in a city park,realistic
penguin,taking photos with a camera,in a dense forest,dreamlike
penguin,taking photos with a camera,in a magical castle,vibrant
penguin,taking photos with a camera,in a magical castle,peaceful
penguin,taking photos with a camera,in a dense forest,colorful and lively
penguin,taking photos with a camera,on a tropical beach,detailed
penguin,taking photos with a camera,in a dense forest,colorful and lively
penguin,taking photos with a camera,in a dense forest,whimsical
penguin,taking photos with a camera,at the top of a mountain,detailed
penguin,taking photos with a camera,in a city park,whimsical
penguin,taking photos with a camera,in a magical castle,dreamlike
penguin,taking photos with a camera,in a magical castle,dreamlike
penguin,taking photos with a camera,in a city park,peaceful
penguin,taking photos with a camera,on a tropical beach,vibrant
penguin,taking photos with a camera,on a snowy hill,high quality
penguin,taking photos with a camera,in a magical castle,dreamlike
penguin,taking photos with a camera,in a city park,surreal
penguin,taking photos with a camera,in a city park,detailed
penguin,taking photos with a camera,in a vibrant coral reef,surreal
penguin,taking photos with a camera,at the top of a mountain,whimsical
penguin,taking photos with a camera,in a city park,detailed
penguin,taking photos with a camera,on a tropical beach,dreamlike
penguin,taking photos with a camera,in a dense forest,surreal
penguin,taking photos with a camera,on a snowy hill,detailed
penguin,taking photos with a camera,on a tropical beach,surreal
penguin,taking photos with a camera,in a magical castle,vibrant
penguin,taking photos with a camera,on a grassy hill,detailed
penguin,taking photos with a camera,at the top of a mountain,realistic
penguin,taking photos with a camera,on a grassy hill,dreamlike
penguin,taking photos with a camera,in a vibrant coral reef,vibrant
penguin,taking photos with a camera,at the top of a mountain,detailed
penguin,taking photos with a camera,in a vibrant coral reef,peaceful
penguin,taking photos with a camera,on a grassy hill,surreal
penguin,taking photos with a camera,in a magical castle,dreamlike
penguin,taking photos with a camera,at the top of a mountain,dreamlike
penguin,taking photos with a camera,in a city park,high quality
penguin,taking photos with a camera,on a snowy hill,dreamlike
penguin,taking photos with a camera,in a vibrant coral reef,whimsical
penguin,taking photos with a camera,at the top of a mountain,peaceful
penguin,taking photos with a camera,on a snowy hill,colorful and lively
penguin,taking photos with a camera,on a snowy hill,realistic
penguin,taking photos with a camera,in a magical castle,whimsical
penguin,taking photos with a camera,on a snowy hill,peaceful
penguin,taking photos with a camera,on a grassy hill,vibrant
penguin,taking photos with a camera,in a magical castle,whimsical
penguin,taking photos with a camera,on a grassy hill,high quality
penguin,taking photos with a camera,at the top of a mountain,high quality
penguin,taking photos with a camera,in a magical castle,surreal
polar bear,taking photos with a camera,at the top of a mountain,high quality
polar bear,taking photos with a camera,in a magical castle,colorful and lively
polar bear,taking photos with a camera,in a vibrant coral reef,peaceful
polar bear,taking photos with a camera,on a grassy hill,colorful and lively
polar bear,taking photos with a camera,in a city park,vibrant
polar bear,taking photos with a camera,on a grassy hill,dreamlike
polar bear,taking photos with a camera,on a grassy hill,peaceful
polar bear,taking photos with a camera,on a snowy hill,peaceful
polar bear,taking photos with a camera,in a city park,colorful and lively
polar bear,taking photos with a camera,in a dense forest,high quality
polar bear,taking photos with a camera,in a dense forest,vibrant
polar bear,taking photos with a camera,at the top of a mountain,colorful and lively
polar bear,taking photos with a camera,at the top of a mountain,colorful and lively
polar bear,taking photos with a camera,on a snowy hill,realistic
polar bear,taking photos with a camera,in a dense forest,colorful and lively
polar bear,taking photos with a camera,on a snowy hill,dreamlike
polar bear,taking photos with a camera,on a grassy hill,realistic
polar bear,taking photos with a camera,in a city park,vibrant
polar bear,taking photos with a camera,in a city park,vibrant
polar bear,taking photos with a camera,at the top of a mountain,detailed
polar bear,taking photos with a camera,in a city park,colorful and lively
polar bear,taking photos with a camera,on a tropical beach,colorful and lively
polar bear,taking photos with a camera,at the top of a mountain,realistic
polar bear,taking photos with a camera,in a dense forest,colorful and lively
polar bear,taking photos with a camera,at the top of a mountain,surreal
polar bear,taking photos with a camera,on a grassy hill,peaceful
polar bear,taking photos with a camera,at the top of a mountain,surreal
polar bear,taking photos with a camera,on a snowy hill,high quality
polar bear,taking photos with a camera,on a snowy hill,detailed
polar bear,taking photos with a camera,on a grassy hill,surreal
polar bear,taking photos with a camera,at the top of a mountain,detailed
polar bear,taking photos with a camera,on a tropical beach,vibrant
polar bear,taking photos with a camera,on a grassy hill,colorful and lively
polar bear,taking photos with a camera,in a vibrant coral reef,dreamlike
polar bear,taking photos with a camera,in a magical castle,realistic
polar bear,taking photos with a camera,on a snowy hill,realistic
polar bear,taking photos with a camera,at the top of a mountain,surreal
polar bear,taking photos with a camera,on a tropical beach,dreamlike
polar bear,taking photos with a camera,in a dense forest,whimsical
polar bear,taking photos with a camera,at the top of a mountain,detailed
polar bear,taking photos with a camera,on a grassy hill,colorful and lively
polar bear,taking photos with a camera,on a tropical beach,colorful and lively
polar bear,taking photos with a camera,in a vibrant coral reef,dreamlike
polar bear,taking photos with a camera,in a magical castle,colorful and lively
polar bear,taking photos with a camera,on a tropical beach,detailed
polar bear,taking photos with a camera,at the top of a mountain,peaceful
polar bear,taking photos with a camera,in a city park,vibrant
polar bear,taking photos with a camera,in a city park,realistic
polar bear,taking photos with a camera,in a city park,dreamlike
rabbit,taking photos with a camera,in a city park,realistic
rabbit,taking photos with a camera,at the top of a mountain,vibrant
rabbit,taking photos with a camera,on a grassy hill,high quality
rabbit,taking photos with a camera,at the top of a mountain,high quality
rabbit,taking photos with a camera,on a tropical beach,detailed
rabbit,taking photos with a camera,on a grassy hill,peaceful
rabbit,taking photos with a camera,at the top of a mountain,vibrant
rabbit,taking photos with a camera,on a grassy hill,vibrant
rabbit,taking photos with a camera,in a city park,detailed
rabbit,taking photos with a camera,at the top of a mountain,colorful and lively
rabbit,taking photos with a camera,on a snowy hill,dreamlike
rabbit,taking photos with a camera,in a magical castle,realistic
rabbit,taking photos with a camera,in a city park,vibrant
rabbit,taking photos with a camera,at the top of a mountain,colorful and lively
rabbit,taking photos with a camera,on a grassy hill,surreal
rabbit,taking photos with a camera,on a tropical beach,colorful and lively
rabbit,taking photos with a camera,on a tropical beach,realistic
rabbit,taking photos with a camera,in a magical castle,realistic
rabbit,taking photos with a camera,in a magical castle,peaceful
rabbit,taking photos with a camera,on a grassy hill,colorful and lively
rabbit,taking photos with a camera,on a grassy hill,colorful and lively
rabbit,taking photos with a camera,in a dense forest,high quality
rabbit,taking photos with a camera,on a grassy hill,vibrant
rabbit,taking photos with a camera,in a vibrant coral reef,detailed
rabbit,taking photos with a camera,in a vibrant coral reef,dreamlike
rabbit,taking photos with a camera,at the top of a mountain,surreal
rabbit,taking photos with a camera,on a snowy hill,whimsical
rabbit,taking photos with a camera,in a vibrant coral reef,dreamlike
rabbit,taking photos with a camera,in a magical castle,realistic
rabbit,taking photos with a camera,on a tropical beach,colorful and lively
rabbit,taking photos with a camera,on a snowy hill,vibrant
rabbit,taking photos with a camera,in a dense forest,surreal
rabbit,taking photos with a camera,in a city park,high quality
rabbit,taking photos with a camera,on a snowy hill,dreamlike
rabbit,taking photos with a camera,on a grassy hill,detailed
rabbit,taking photos with a camera,on a tropical beach,peaceful
rabbit,taking photos with a camera,on a snowy hill,detailed
rabbit,taking photos with a camera,in a vibrant coral reef,realistic
rabbit,taking photos with a camera,on a grassy hill,realistic
rabbit,taking photos with a camera,on a grassy hill,high quality
rabbit,taking photos with a camera,on a tropical beach,colorful and lively
rabbit,taking photos with a camera,at the top of a mountain,dreamlike
rabbit,taking photos with a camera,on a grassy hill,vibrant
rabbit,taking photos with a camera,in a city park,detailed
rabbit,taking photos with a camera,at the top of a mountain,detailed
rabbit,taking photos with a camera,in a city park,dreamlike
rabbit,taking photos with a camera,on a grassy hill,realistic
rabbit,taking photos with a camera,at the top of a mountain,colorful and lively
rabbit,taking photos with a camera,in a dense forest,surreal
